"Module","PCOSvsControl","PCOSvsControl.1"
"MEblue",-0.080785631603956,0.676978610692445
"MEturquoise",0.100152008623556,0.605216209513576
"MEgrey",-0.0710880427456036,0.714032494404494
